<?xml version = "1.0" encoding = "utf-8"?>
<!DOCTYPE hibernate-configuration SYSTEM 
"http://www.hibernate.org/dtd/hibernate-configuration-3.0.dtd">
<hibernate-configuration>
   <session-factory>
   
      
      
<property name="connection.driver_class">com.mysql.cj.jdbc.Driver</property>
	<property name="connection.url">jdbc:mysql://localhost:3306/administrative_portal</property>
	
      
      <property name = "hibernate.connection.username">root</property>
      
      <property name = "hibernate.connection.password">1234</property>
      
      <property name="show_sql">true</property>
      	<property name="dialect">org.hibernate.dialect.MySQL8Dialect</property>
      
      <property name="hbm2ddl.auto">update</property>
      
      
   </session-factory>
</hibernate-configuration>